Name,Mean Signature Length,Avg STD Deviation Length
Skandan,2459.4,202.63004055009543
Somto,1944.3,393.6216598602154
Ashwin,2513.9,289.5611430346889
Mum,1478.0,0
